id,titulo
9516,Notas Destinadas: Roteiro Completo
9526,Ordem de Servi√ßo: Alterar Cliente Faturamento
20042,PIS/COFINS: Configura√ß√£o de receitas financeiras (sem nota fiscal)
29075,Plano de Contas Referencial: Como realizar a vincula√ß√£o
29093,Transfer√™ncia de ICMS: Emiss√£o de Nota Fiscal
29116,CC-e da f√°brica com altera√ß√£o de chassi
29157,Unifica√ß√£o: Cadastro de Cliente
29350,Sem acesso na Opera√ß√£o Interna
29980,Atualizar Imagem Modelo do site
30267,Dep√≥sitos n√£o Identificados: Como Utilizar
30303,Conting√™ncia NF-e: Como Habilitar
30321,Lan√ßamento Pe√ßa Oficina: Impress√£o Autom√°tica da Requisi√ß√£o
30461,CFOP de combust√≠vel e n√£o informado grupo de combust√≠vel¬†da NF-e
32067,Forma√ß√£o de Pre√ßo de Venda a partir da importa√ß√£o do arquivo Honda
32079,Gera√ß√£o de Campanha de CRM - Revis√µes em atrasos e Futuras
32086,Inclus√£o de Requisi√ß√£o de Servi√ßo de Terceiro em O.S
32106,Apontamento de Mec√¢nico
32260,Importar Tabelas Financeiras do Banco Honda
32271,Importar Tabelas de Cons√≥rcio por arquivo do Excel
32309,Erro ao confirmar um pedido de venda
32927,Concilia√ß√£o de Cart√µes -  Manual Pr√°tico
34014,Manual de Cheques - Perda e Recupera√ß√£o
34055,Altera√ß√£o de CFOP em nota de entrada gravada no Vision
34068,Confer√™ncia de Informe de Vendas MYHONDA
34204,Permiss√£o para usu√°rio alterar mec√¢nico de uma Ordem de Servi√ßo
34498,Cheques - Cust√≥dia
34593,Informa√ß√µes necess√°ria no cadastro do modelo das motocicletas para emiss√£o de nota
37612,Como disponibilizar arquivos da Rede (Concilia√ß√£o de Cart√µes) atrav√©s do ICNET
39177,Opera√ß√µes com ve√≠culos em tr√¢nsito
40848,Vincular o NCM dos produtos ao Grupo de Tributa√ß√£o
40853,Solicita√ß√£o e Libera√ß√£o de Senha
45838,Produto FI - TROCO PARA O CLIENTE
54415,Gerar Campanha E-mail e SMS
56703,Substitui√ß√£o de Proposta de Cota de Cons√≥rcio pelo CRM
71443,Procedimentos Exclus√£o do ICMS da BC do PIS e COFINS - Geral
73038, Cadastro √çcones Favoritos
86302,"Saiba utilizar a tela ""Gest√£o de produto F&I"""
92566,Saiba mais sobre o novo design da tela de rentabilidade do ve√≠culo
93536,Configure o Honda BI Parts no Vision em 5 passos simples!
97906,Trabalhando com Leads no fluxo de vendas do CRM Vision
98884,Gerar Arquivo TSI para Importar no Data Motor
99262,Gerar Arquivo SSI para Importar no Data Motor
100847,BI - DataMotor Ve√≠culos Avalia√ß√£o Individual 
103794,Configurando Webservice Recall
104589,Trabalhando com Brinde vinculado ao pedido de venda de Ve√≠culo
107830,Opera√ß√£o sem CFOP Configurado - Item XXXXXX
107882,Transa√ß√£o TEF Pendente no sistema
107914,Venda a ordem
107967,Nota de Entrada - Favor informar o CFOP para o item XXXXXX
108427,Entrada de Nota Fiscal Avulsa 
108441,Como fazer uma nota fiscal complementar de Impostos e Vendas
109314,Nota Fiscal de Servi√ßo Pendente 
109380,Entrada manual de nota fiscal de uso e consumo
109415,Relat√≥rio de Produtos - Ordenando por Loca√ß√£o
109439,Emiss√£o de Nota de Revis√£o Gratuita Honda
109953,"Forma, Sub-forma e condi√ß√µes de pagamento."
110314,Acessando a Base de Conhecimento pelo Vision
110546,Como salvar os arquivos no Ftp do cloud para importar no Vision?
110760,Como criar um modelo de relat√≥rio din√¢mico no sistema?
110892,Nota Fiscal n√£o consta na base local da SEFAZ
111206,Como gerar um Boleto Avulso no Sistema Vision ?
111218,FIDC - Fundo Investimento Banco Honda - Como funciona o processo no Vision?
111460,Configurar Retorno Financeiro em Tabela Financeira
114228,Como gerar uma Carta de Corre√ß√£o no Sistema Vision?
114429,Limite de Cr√©dito 
115055,Erro SSL/TLS ao dar Ci√™ncia da Opera√ß√£o no Sistema da SEFAZ
115192,Como consultar C√≥digo Molicar
123903,FIDC - Fundo Investimento Banco Honda - Como configurar os Itens e Contas no Vision?
128496,Nota Fiscal de Entrada - Corre√ß√£o de Valores
128672,Valida√ß√£o Cor Veiculo - Preenchimento autom√°tico no Cadastro do Chassi
131835,Como vincular a Opera√ß√£o Interna a uma s√©rie de Nota Fiscal
132488,Como corrigir quando apresentar Rejei√ß√£o: A SEFAZ do destinat√°rio n√£o permite Contribuinte Isento de Inscri√ß√£o Estadual
133901,Envio de Nota Fiscal por e-mail (DANFE)
135333,Lan√ßamento de cota de cons√≥rcio de Reposi√ß√£o  pelo Dashboard Vendedor
135347,Lan√ßamento de Conhecimento de Frete
136044,Importa√ß√£o de Tabela Financeira da Honda - HASH INFORMADO INV√ÅLIDO
137582,Processo de Garantia - Pe√ßas
137708,Nota Homologada com Pend√™ncia - Baixa Devolu√ß√£o Item √önico 
138242,Perda e Recupera√ß√£o de Duplicatas
138706,Estorno de Devolu√ß√£o de Compra de Pe√ßas
139049,Venda de ve√≠culo com lead - √† vista
139130,Como realizar uma venda sem Lead 
139229,Nota de Servi√ßo - Sequencia de RPS
139257,Devolver ve√≠culo recebido em demonstra√ß√£o 
139641,Venda de ve√≠culo com lead -  Venda via financiamento: envio da proposta via mesa de cr√©dito
139734,Emiss√£o de nota de Servi√ßo - Comiss√µes Financeiras
139768,Compra de ve√≠culo usado e Devolu√ß√£o de compra
140037,Campanhas - Follow-Up
140609,Configura√ß√£o de impress√£o comprovante TEF (impressora t√©rmica n√£o fiscal)
140695,Requisi√ß√£o de pe√ßas na Ordem de Servi√ßo
140700,Confirma√ß√£o do estoquista (Entrega das pe√ßas ao mec√¢nico)
140921,Nota Homologada com Pend√™ncia - Despesa precisa ser Cancelada
141797,Devolu√ß√£o Compra Honda R.O - Sem destaque de Pis e Cofins com NCM Monof√°sico
142065,Importa√ß√£o de Arquivo para o Portal de Transpar√™ncia Honda
142598,Agendamento de Servi√ßo - Gerar agenda dos funcion√°rios
142619,Agendamento de Servi√ßos
143958,Gerar NF-e de Cupom Fiscal
151044,Orienta√ß√µes para realizar o processo de Invent√°rio 
156949,Cat√°logo de pe√ßas Honda no Site Vision
163513,Como tratar a quest√£o do valor de franquia em ordens de servi√ßo de Seguradora
164017,Entrada de Nota Fiscal Manualmente 
164100,Kit de servi√ßo com 100% de desconto aplicado a um determinado item
167306,Arrumar Dados do Cart√£o ap√≥s nota emitida.
168062,Inclus√£o ChatBot - WhatsApp da Honda
168167,Como cadastrar uma nova conta cont√°bil
168184,Como cadastrar um novo item financeiro de despesa
168195,Como cadastrar um novo material de uso e consumo
168210,Como cadastrar uma nova opera√ß√£o interna de despesa administrativa
168217,Como cadastrar uma nova subforma de pagamento
169426,Como arrumar c√≥digo lista quando nota de servi√ßo n√£o emitir no Vision
170021,Ajustar informa√ß√µes de Cart√£o ap√≥s nota fiscal emitida - Cliente n√£o utiliza TEF
170022,Ajustar informa√ß√µes de Cart√£o de Cr√©dito - Recebido em Adiantamento de Cliente
172139,Como Atualizar Imagem Fam√≠lia do Ve√≠culo no Site
172977,Estorno de Nfe N√£o cancelada no Prazo Legal
174499,Opera√ß√µes com ve√≠culo imobilizado (Compra e venda)
176025,Cadastro de novo Propriet√°rio em chassi para Ordem de Servi√ßo
176863,Resumo Mensal de Atividades (RMA)
177759,Como configurar mesmo NCM com tributa√ß√µes diferentes - com ST/sem ST
177857,Como configurar a emiss√£o de NF de venda de imobilizado com redu√ß√£o da Base de C√°lculo de ICMS
178414,Como arrumar erro de Cor Denatran ao emitir nota de Ve√≠culos
178439,Unificar Cor de Ve√≠culo
179774,Em qual pasta √© salvo o arquivo XML pela destinada
180171,Envio de Imagens autom√°ticas para o Autogestor
180189,Envio de Imagens autom√°ticas de ve√≠culo seminovos para o Vision WebSite
181506,Como aproveitar cr√©dito de ICMS de fornecedores optantes do simples nacional
181945,Rejei√ß√£o: Al√≠quota do ICMS com valor superior 4 % na opera√ß√£o de sa√≠da interestadual com produto importados
184258,LGPD Lei 13.709/2018 - Como configurar modelos e termo de consentimento no Vision?
184647,Ajuste de estoque f√≠sico de pe√ßas
184827,Como o VISION contabiliza a venda de um bem do ativo imobilizado?
188662,Destaque do ICMS FCP ST em notas fiscais de compra de mercadoria
188780,Atualiza√ß√£o na tabela de NCM's: Como proceder no VISION
192467,E-mail de contato com a Central de Servi√ßos - Suporte Vision
193608,Configura√ß√£o para iniciar Pr√©-Reserva de ve√≠culos 
199842,LGPD - Assinatura do termo por e-mail
199997,Requisitos para Instala√ß√£o do TEF em Cliente
200493,LGPD - Assinatura do termo por Sms
200686,Painel Datamotor - Oficina - Avalia√ß√£o Individual Consultores
210780,Emiss√£o de nota fiscal de RO (Remessa para a F√°brica)
215633,Utiliza√ß√£o do Boleto API
216885,Como configurar no Vision para validar abertura de um Lead para um cliente com um Lead j√° aberto?
216977,Dados do TEF Motoparts 
220462,Mensagem de Erro: Cannot focus a disable or invisible window
220560,Cadastro de Novos Funcion√°rios
221041,Como realizar agendamento Test Ride
221175,Concilia√ß√£o Banc√°ria
222447,Integra√ß√£o SIDA (AssoHonda) 
223179,Como Incluir Documentos no Cadastro do Cliente
223562,Nota de Entrada de Ve√≠culos - Configurando Modelo
224204,Configura√ß√£o de ISS (Imposto Sobre Servi√ßo)
224591,Erro c√≥digo IBGE - Cadastro Munic√≠pio 
224828,Alterar Vendedor da Pr√©-reserva
224928,Emiss√£o de NFe para compra pr√≥pria de Ve√≠culo Imobilizado
224995,Como configurar e gerar o SPED ECD
227007,Atualiza√ß√£o de Telas PKG
228066,Como criar uma Promo√ß√£o de Produtos
228120,Trabalhe com agenda dos vendedores nos leads com o Tipo Liga√ß√£o
228227,Remessa de uso e consumo sem contabiliza√ß√£o
228254,Erros que podem ser resolvidos reiniciando os pools ou visions services 
229405,Treinamento em v√≠deo: Agendamento de servi√ßos
230055,Nota de compra cancelada pela Honda - Gravada incorretamente e com veiculo j√° vendido
230962,Atualiza√ß√£o de certificado digital
231402,Acesso aos atendimentos Movidesk - Uso Interno
232690,COAF
233023,Libera√ß√µes de Acesso ao Caixa 
234272,Cadastro de Cliente Estrangeiro 
234569,idDest difere de 2 - Oficina Seguradora Interestadual
234981,Painel Informativo Oficina
235117,Controle Estoque Fechado - Confer√™ncia de Entrada e Sa√≠da de Produtos
235923,Como gerar uma NFSe em ambiente de homologa√ß√£o na base de teste
236054,Emiss√£o Nota Fiscal - Cor n√£o informada em cadastro de chassi
236127,"Como localizar o Visionservice, IIS e Banco de Dados nos clientes"
237294,Configura√ß√£o de Boleto API - Banco do Brasil
237450,Gest√£o de Cons√≥rcio - Alterando Empresa 
238448,Emiss√£o de nota - Mensagem sa√≠da n√£o encontrada 
241102,Gera√ß√£o EFD ICMS/IPI
241255,Confer√™ncia Informe de Vendas - INT.Com
242188,Servi√ßo rec√©m criado que n√£o est√° contabilizando corretamente
242315,Reserva de Ve√≠culo - Sem disparar a Pr√©-reserva
243176,Configura√ß√£o Vision Integra√ß√£o
243618,Instala√ß√£o Vision API2 e verifica√ß√µes necess√°rias.
245644,Venda de ve√≠culo Imobilizado 
246249,Importa√ß√£o de TMO
247588,Importa√ß√£o arquivo tabela IBPT
248205,Pre√ßo de CNH puxar no Lead conforme configurado 
248642,Como atualizar Pre√ßo de Venda de Produtos N√£o Originais atrav√©s da nota de entrada
248721,Detalhamento dos campos referentes aos impostos na NF de Entrada
248728,Como realizar um lan√ßamento cont√°bil 
248860,Unifica√ß√£o de modelo de ve√≠culo 
249146,Atualiza√ß√£o de Pre√ßo Modelo Motocicleta
249154,Adicionar grupo de empresa para mover arquivo da concilia√ß√£o 
250036,Como ajustar cidade do Tomador para emiss√£o de Nfse
251549,Como realizar o envio das informa√ß√µes para o NewAef
252354,Lan√ßamento e Baixa de Adiantamento para Funcion√°rios
252859,Manual de ativa√ß√£o/Manuten√ß√£o novo Backup no Agendador de tarefa do Vision
253054,Lan√ßamento de Tributos
253072,Canal EDI - Cielo Redisponibiliza√ß√£o dos Arquivos
254513,Cadastro de F&I - Desconto 
254550,Configura√ß√µes de Desconto 
255045,Importa√ß√£o folha de pagamento
256175,Nome do Contador em Relat√≥rios Cont√°beis
256316,Altera√ß√£o no valor do ISS
256661,Pr√©-Reserva de ve√≠culos por bloqueio 
256750,Renegocia√ß√£o de Contas
256926,Corre√ß√£o de logotipo da Empresa
257105,Altera√ß√£o do COEFICIENTE DE AQUISI√á√ÉO de Pe√ßas
257722,Devolu√ß√µes do Sistema Antigo
260443,FIDC - O que conferir quando n√£o √© gerado um Agendamento Financeiro ?
262458,Emiss√£o NF complementar  ICMS ST
262809,Como criar a chave de API do Google Maps
267687,Erro ao processar Renave - C√≥digo do munic√≠pio do comprador inv√°lido
270785,Regime de tributa√ß√£o PIS / COFINS
270788,Atualizar Cesta de Servi√ßos (ROA) 
272643,C√°lculo Lucro - Tela Lucro Venda
273237,Ativar Modo Desenvolvedor no Tablet
275933,Implanta√ß√£o de imobilizados para inicio da deprecia√ß√£o
278956,Devolu√ß√£o de venda interestadual para consumidor final
280103,Devolu√ß√£o Uso e Consumo
280283,Venda de ve√≠culo com avalia√ß√£o maior do que o pedido de venda atual
281786,"Configura√ß√£o no perfil faturamento, caso n√£o carregue o mapa no site "
282511,Erro ao receber a nota - Cadastro Cliente
282808,Como registrar dll (Interno)
283398,Emiss√£o de Nota - Validar Inadimpl√™ncia na Venda 
283757,Inclus√£o de IE de Pessoa F√≠sica
283975,EFD Contribui√ß√µes - Configura√ß√£o referente ao Rateio proporcional dos cr√©ditos
284143,Conferencia para envio do BIparts n√£o enviado
284265,Arquivos a serem alterados com a mudan√ßa de IP
284425,NF-e sem indicativo do intermediador
284444,NCM Inexistente em nota de Produto.
284676,Inserir o TMO x Modelo de Ve√≠culo no cadastro do servi√ßo
284917,Como unificar ou desmembrar itens via ajuste de estoque
286707,Manual Cr√©dito do Ativo Permanente - CIAP
287029,Altera√ß√£o de vencimento em or√ßamento de servi√ßos e venda balc√£o
287076,Transfer√™ncia de Pe√ßas entre Concession√°rias e PAv atrav√©s da tela de Pr√© reserva
287288,Como resetar a senha de um usu√°rio do CLOUD Vision
288213,Processo de Garantia - Quando o sistema calcula o desconto no arredondamento do Valor Total do Item
290880,Como vincular sub formas de pagamento em opera√ß√µes internas?
290923,DIFAL (Diferencial de al√≠quota) em notas fiscais de entrada
291414,Utiliza√ß√£o do MDF-e
291459,Adiantamento de Cliente - Mensagem ao tentar vincular na Sa√≠da
291969,C√°lculo de Custo M√©dio + Impostos na Opera√ß√£o Interna
292059,Abrir Ordem de Servi√ßo de Garantia/Recall junto com outros tipos
293586,Como exportar arquivos no Cloud/App ?
293884,Rejei√ß√£o ao Realizar Ci√™ncia da Opera√ß√£o (Notas Destinadas) ap√≥s Prazo de 10 Dias
294056,Novo programa de backup 
294132,O que √© a Fila de notas destinadas?
294134,O que voc√™ precisa saber para utilizar a Fila de Notas Destinadas
294146,Boas pr√°ticas na utiliza√ß√£o da fila de notas destinadas
295368,Ativar o SSL nos sites 
297853,Descontabilizar Documentos
298915,Altera√ß√£o de forma de Pagamento em Nota de Entrada
300015,Deletar nota de entrada no Sistema
300739,Devolu√ß√£o de Venda de Pe√ßas
301602,Ajuste referente a entrada de item incorreto
302411,Ajuste de nota de entrada com lote financeiro vinculado
302701,Erro ao lan√ßar o adiantamento do cons√≥rcio
302718,Configura√ß√£o de opera√ß√µes internas de envio e retorno de conserto
303182,Entrada de Uso e Consumo - Pe√ßas e Servi√ßos 
303211,Renave Connector - Configura√ß√£o para Venda para Outras Concession√°rias
304416,Teu Estoque
307407,Como refaturar Brinde F&I estornado
307702,Configura√ß√£o do Aceite de Pesquisa para o MyHonda x Termo de Consentimento no Vision
308236,Configura√ß√£o do registo E115 do Sped EFD (Espec√≠fico RS)
308334,Erro ao emitir nota: Assinatura Difere do Calculado
308554,Implanta√ß√£o de nota de servi√ßo emitida e cancelada na prefeitura sem registro no Vision
308920,Como o Vision calcula ICMS ST nas vendas interestaduais
310041,Configura√ß√£o Renave: Compra de ve√≠culo de outra concessionaria 
310347,Erro ao lan√ßar o adiantamento do cons√≥rcio
310656," Erro ao emitir nota de ve√≠culo ""O elemento 'veicProd' no espa√ßo para nome"
310875,Valida√ß√£o: Aceita Pesquisa/ Mala Direta e Opt Sms e E-mail MyHonda
311526,Impress√£o de Pedido de Venda com o Financeiro Duplicado
312801,Produto F&I de Troco Pedido com Avalia√ß√£o de Semi Novos
314490,Utiliza√ß√£o do Cat√°logo de Pe√ßas dentro do Sistema Vision
317246,Importa√ß√£o NCM - EM EDI√á√ÉO
329580,Devolu√ß√£o de venda de ve√≠culo com Produto FI lan√ßado em lote financeiro j√° contabilizado
329996,Devolu√ß√£o de venda de ve√≠culos: Estorno de Produtos F&I
331363,Avisos Fiscais
332890,Imobiliza√ß√£o de servi√ßos / obras em andamento
339840,Movimenta√ß√µes com Cheques
350087,Fluxo de Caixa
351966,Gerar arquivo para enviar para o Banco - (Procedimento por API)
352153,Renave Connector - Transmiss√£o de venda entre lojas
354031,Regra do sistema  - LGD x Contato Autom√°tico e MyHonda
357277,Exporta√ß√£o de valores de comiss√£o - Sistemas de Folha de Pagamento
360166,Impress√£o de Comprovante de Entrega
361650,Configura√ß√£o Unico Auto - CONSUMO INTERNO
361771,Configura√ß√£o Followize
362464,Valida√ß√£o My Honda - Consumo Interno
363865,PagDireto
364548,Lentid√£o Cloud / APP  - Testes a serem feitos
366263,Atualizar Certificado Digital para Renave (vincula√ß√£o no Credencia)
366635,DDA
367442,Como Incluir novos pedidos de TEF (PAYGO)
369469,Gest√£o de entregas de ve√≠culos
372080,Como atualizar cat√°logo de pe√ßas
372577,Contatos Administradoras
372663,DFC DIRETO 
373785,PIX - Ita√∫
373787,Configura√ß√µes PIX para o Banco do Brasil
375744,Duplica√ß√£o de Ficha de Financiamento
378257,Configurar Carteira de Cobran√ßa Bradesco por API
380075,Consulta de Chave de Acesso de uma nota ainda em faturamento
380768,Data Motor (Quais informa√ß√µes s√£o consideradas para Boutique)
381767,Nota fiscal de remessa em garantia sem valores de desconto
384631,Layout - Importa√ß√£o Folha de Pagamento 
387463,Utilizando o PIX no Vision
387620,Op√ß√µes de Personaliza√ß√£o Pr√©-Reservas
387685,Renave Connector - Transmiss√£o com nota de venda direta
388411,Voc√™ utiliza o contato autom√°tico para avisar os clientes das revis√µes?
391613,Efetuando Entrada de Nota Fiscal emitida h√° mais de 180 dias
395659,Configura√ß√£o estoque unificado (Interno)
397341,Painel Informativo - Agendamento de Servi√ßos
399058,Emiss√£o de nota de devolu√ß√£o de Cupom Fiscal
400135,Corre√ß√£o da Tabela de Pre√ßos Honda
402947,Enviar Carga com per√≠odo da Carteira de P√¥s Vendas 
403063,Voc√™ utiliza o contato autom√°tico para avisar seus clientes das duplicatas a vencer e vencidas?
407150,Calcular pre√ßo de venda de acordo com a Margem de Lucro configurada
407336,Como configurar o Black list Molicar (Consumo interno)
410230,Utilizando a OS MOBILE
410922,Verifica√ß√µes do Antivirus
412456,Baixa de Pedido de Compra Automaticamente na Entrada da Nota
415773,Fechamento de Tickets resolvidos no Chat - CONSUMO INTERNO
416331,Consultar Pesquisa de Satisfa√ß√£o no Movidesk - CONSUMO INTERNO
416610,Como utilizar o m√≥dulo PEP
424890,Aumentar o tempo limite das telas web
425461,EFD REINF
428821,Relat√≥rio MyHonda - Dealer Assessment - Frequ√™ncia do envio de dados
430134,Dificuldade na Impress√£o OS Mobile
430576,Solicitando arquivos da REDE
430717,Diferen√ßa concilia√ß√£o ve√≠culos (cancelamento de nota de compra)
434931,"Ol√°, que bom te ver por aqui! üôÇ"
434945,"Ol√°, que bom te ver nas Atualiza√ß√µes! üôÇ"
434951,"Ol√°, que bom te ver nas Perguntas frequentes! üôÇ"
437443,Vers√£o 66.64
437514,Sobre Produto F&I no Vision!
438121,Mural de Sugest√µes
440741,CFOP na venda para fora do estado
441907,Vers√£o 66.66
442126,Vision apresentando lentid√£o (interno)
445278,Como criar usu√°rios do Cloud - CONSUMO INTERNO
445782,Descapitaliza√ß√£o - Como √© calculado
445884,Orienta√ß√µes do Bradesco de como fazer as solicita√ß√µes
446262,Enviar QR code do PIX para PinPad
446462,Conta Financeira no Painel de Controle
446871,Apontamento Mec√¢nico (New)
448184,Visualiza√ß√£o de Estoque de Ve√≠culos
448680,Como verificar os XMLS dentro do Vision
453015,Cadastro de clientes
453018,Cadastro de pe√ßas e produtos
453024,Cadastro de servi√ßos
453798,Central de ajuda Carrier
454449,Ordem de servi√ßo
454486,Cadastro de ve√≠culos
454491,Cadastro de modelo de Ve√≠culo
454495,Or√ßamento de pe√ßas e servi√ßos
454500,Venda balc√£o
454501,Consulta de estoque de pe√ßas
455264,Como funciona o lan√ßamento de servi√ßo com TMO 
456056,Como acessar o VISION
456060,Notas Destinadas: Como lan√ßar notas fiscais de entrada no Vision
456067,Como baixar o contas a pagar
456070,Como emitir uma nota fiscal
458858,Devolu√ß√µes de venda e de compra
458859,Adiantamento de clientes
458901,Ajuste de estoque
460152,Criar relat√≥rio WEB (a partir de outro cliente)
460639,Significado dos retornos das principais Adquirentes (cart√µes TEF)
461167,Vers√£o 67.22
461605,Vers√£o 67.20
462251,Beta - Apontamento de Mec√¢nico
462522,Vers√£o 67.22 - Agenda dos Funcion√°rios (Vers√£o Beta)
462569,Vers√£o 67.22 - Agendamento de servi√ßos (Vers√£o Beta)
465089,Vers√£o 67.25
465787,Vers√£o 67.26 - TEF Auttar
465819,Implanta√ß√£o Boleto ITAU API
465924,Vers√£o 67.28
468387,Vers√£o 67.32 -  Melhoria no Agendamento de Servi√ßos (Piloto)
468392,Vers√£o 67.32
468440,Vers√£o 68.1 - Movimenta√ß√£o Conta Cont√°bil (Piloto)
468668,Vers√£o 67.32 - Migra√ß√£o tela Ajuste de Pre√ßo (Piloto)
469593,Como informar o ACEITE no Site da Redecard
471065,Vers√£o 67.34
471760,Vers√£o 67.35
472456,Vers√£o 68.1
474479,Vers√£o 67.39
474727,Vers√£o 67.41
475031,Vers√£o 67.42
475935,Or√ßamento de Servi√ßo Web ‚Äì Beta
476864,"Integra√ß√£o Vision-MyHonda: Cadastro do Cliente Opt-in (Email/Sms), sem termo de consentimento assinado no Vision"
476866,Homologa√ß√£o Boleto Caixa - Consumo Interno
477975,Utilizar o Outlook para envio de e-mails
478379,Vers√£o 67.48
478528,Importa√ß√£o Arquivo Desconto F√°brica
478887,Invent√°rio Mobile - Beta
478966,Invent√°rio - Beta
480050,Credenciais Boleto e Pix Sicoob
480452,Acesso ao portal Cliente Auttar
481580,Distribui√ß√£o de Servi√ßo - Beta
481638,"Integra√ß√£o Vision-MyHonda: Cadastro do Cliente Opt-in (Email/Sms), COM TERMO  de consentimento assinado no Vision"
482510,Vers√£o 69.1
483939,Vers√£o 70.1
484059,Como atualizar E-mail/ Celular do Cliente no Vision e atualizar no myHonda?
485742,Beta ‚Äì Pr√©-Reserva de Ve√≠culos
486584,Gerar Crendencial no Bling
487462,Vers√£o 70.4
489189,Processo completo de avalia√ß√£o de seminovo em pedido de venda
489339,Renave Connector - ITE
490034,Vers√£o 70.7
490796,Vers√£o 70.9
491253,Macros que s√£o usadas no Movidesk - CONSUMO INTERNO
492171,Altera√ß√£o em lote das pr√©-reservas
495554,Transmiss√£o autom√°tica do RENAVE
496240,Envio de Servi√ßos x Pe√ßas - MyHonda
496495,Vers√£o 70.22
497033,Transfer√™ncia de Itens O.S. - BETA
497533,Cancelar reservas de ve√≠culos automaticamente
497946,Vers√£o 70.23
497948,Invent√°rio - Beta
497987,Vers√£o 70.15
500351,Vers√£o 70.27
501493,Verifica√ß√µes AssoHonda (interno)
501953,INTERNO - Instalando VPN e Acesso Clientes
502046,Vers√£o 70.31
502343,Configura√ß√£o boleto Sicredi
504755,Vers√£o 70.36
505076,INTERNO - REPLICA√á√ÉO SENHA INT.COM
506993,Vers√£o 71.1
507547,"Como Criar Filtros para Relat√≥rios: Simples, Compostos e Avan√ßados"
507832,Relat√≥rios Dinamicos em formato Excel ou Word
511105,Vers√£o 72.1
513752,TEF SISAND/AUTTAR - PROCESSOS EM ERROS MAIS COMUNS
516503,Solicita√ß√£o de Extratos Eletr√¥nicos - Getnet
517980,Vers√£o 73.1
518933,Site Sisand - Edi√ß√µes principais
518990,Como Lan√ßar uma Nota Fiscal de Material de Uso e Consumo.
520808,"Como transferir valor inicial entre caixas, de filiais diferentes"
521001,Vers√£o 74.1
521771,Faturamento -  Emiss√£o de Nota - Hexadecimal
524676,Arquivos Cloud
524943,Configura√ß√µes WORKSPACE (Interno)
525906,Integra√ß√£o CT Estoque
528263,Vers√£o 74.25
528407,Base ICMS incorreta em nota de entrada de pe√ßas
528486,Integra√ß√£o Vision com Fandi
529239,Credere - Token Credere Expirado
529388,Configura√ß√µes TEU ESTOQUE
529399,Como lan√ßar uma nota do Market Connector quando o produto foi cadastrado incorretamente no Bling
529465,Como configurar o CBENEF?
529917,Vers√£o 75.1
530863,Faturamento - Nenhum item configurado para reembolso de Adiantamento
531178,Cadastrar condi√ß√µes de pagamento e incluir em Sub Formas
531210,Ajuste do Cadastro de uma Motocicleta Registrada como Bem Imobilizado
531215,Ve√≠culo - Opera√ß√£o sem CFOP configurado
531229,Renave Connector - Valida√ß√£o Bin
532506,Vers√£o 76.1
532756,Processo de Pagamento de Duplicata em Tr√¢nsito
532869,Notas de devolu√ß√£o - S√≥ deve existir um item financeiro configurado
532981,Estoque M√≠nimo - Bloqueio de Venda para Garantia da Oficina
533419,Perguntas e respostas: M√≥dulo VE√çCULOS
533471,Como funciona o Border√¥ no Vision?
535027,Vers√£o 77.1
536101,Solicita√ß√£o de Extratos Eletr√¥nicos Cielo - API
536596,Relat√≥rios VESATEC
536687,Vers√£o 78.1 
537099,PIX no Pinpad - Erro ao enviar QRCODE PIX para o P√¨npad
539204,Utilizando o TEF no Vision
539245,Nota Fiscal complementar de ICMS
539423,Cancelando Transa√ß√£o TEF no Vision
540367,Vers√£o 79.1
